[{"model": "contenttypes.contenttype", "pk": 1, "fields": {"app_label": "admin", "model": "logentry"}}, {"model": "contenttypes.contenttype", "pk": 2, "fields": {"app_label": "auth", "model": "permission"}}, {"model": "contenttypes.contenttype", "pk": 3, "fields": {"app_label": "auth", "model": "group"}}, {"model": "contenttypes.contenttype", "pk": 4, "fields": {"app_label": "auth", "model": "user"}}, {"model": "contenttypes.contenttype", "pk": 5, "fields": {"app_label": "contenttypes", "model": "contenttype"}}, {"model": "contenttypes.contenttype", "pk": 6, "fields": {"app_label": "sessions", "model": "session"}}, {"model": "contenttypes.contenttype", "pk": 7, "fields": {"app_label": "blog", "model": "blogtype"}}, {"model": "contenttypes.contenttype", "pk": 8, "fields": {"app_label": "blog", "model": "blog"}}, {"model": "contenttypes.contenttype", "pk": 9, "fields": {"app_label": "blog", "model": "readnum"}}, {"model": "contenttypes.contenttype", "pk": 10, "fields": {"app_label": "read_statistics", "model": "readnum"}}, {"model": "contenttypes.contenttype", "pk": 11, "fields": {"app_label": "read_statistics", "model": "readdetail"}}, {"model": "contenttypes.contenttype", "pk": 12, "fields": {"app_label": "comment", "model": "comment"}}, {"model": "contenttypes.contenttype", "pk": 13, "fields": {"app_label": "likes", "model": "likecount"}}, {"model": "contenttypes.contenttype", "pk": 14, "fields": {"app_label": "likes", "model": "likerecord"}}, {"model": "contenttypes.contenttype", "pk": 15, "fields": {"app_label": "user", "model": "profile"}}, {"model": "sessions.session", "pk": "0kobt9q2waf70att1s1a9lb354fyxzfg", "fields": {"session_data": "ODY1MzA1NDkwNWEyYjg4NDlhOThmMjU3NDQ5Nzk1ZmI1ZDcxMzZiMzp7Il9hdXRoX3VzZXJfaWQiOiIyIiwiX2F1dGhfdXNlcl9iYWNrZW5kIjoiZGphbmdvLmNvbnRyaWIuYXV0aC5iYWNrZW5kcy5Nb2RlbEJhY2tlbmQiLCJfYXV0aF91c2VyX2hhc2giOiJlODMzYTI1NjEzOGJhODVhNDMxMDgxMzQxMmQyZWI0ZTVmZTZjNzliIn0=", "expire_date": "2020-10-05T05:39:33.016Z"}}, {"model": "sessions.session", "pk": "0zhretb32uce19e8n29mocya5xeqx6kr", "fields": {"session_data": "ODY1MzA1NDkwNWEyYjg4NDlhOThmMjU3NDQ5Nzk1ZmI1ZDcxMzZiMzp7Il9hdXRoX3VzZXJfaWQiOiIyIiwiX2F1dGhfdXNlcl9iYWNrZW5kIjoiZGphbmdvLmNvbnRyaWIuYXV0aC5iYWNrZW5kcy5Nb2RlbEJhY2tlbmQiLCJfYXV0aF91c2VyX2hhc2giOiJlODMzYTI1NjEzOGJhODVhNDMxMDgxMzQxMmQyZWI0ZTVmZTZjNzliIn0=", "expire_date": "2020-10-02T03:34:18.595Z"}}, {"model": "sessions.session", "pk": "1yxmbfojymxplr0akqy57m3lb8ynzrf4", "fields": {"session_data": "N2IzMmViYzE3ZTUyYmYxOGI1MmRlNTQzM2E0NDU5NDc2MmVkNGMyZjp7Il9hdXRoX3VzZXJfaWQiOiIxIiwiX2F1dGhfdXNlcl9iYWNrZW5kIjoiZGphbmdvLmNvbnRyaWIuYXV0aC5iYWNrZW5kcy5Nb2RlbEJhY2tlbmQiLCJfYXV0aF91c2VyX2hhc2giOiIzMWMyOWQyMWE2ZTQwOGMwNDg3NzQ4ZGNjZWIxNWNkMjlmZGI5NjIxIn0=", "expire_date": "2018-03-14T16:48:33.818Z"}}, {"model": "sessions.session", "pk": "213cjodhqr9jaas762cacloygm7uhhow", "fields": {"session_data": "ZWFkNjViYjY5MjJlODAzYWE3OTcwZDBhYWVjYTE1NGY5NDEwNTZiNDp7Il9hdXRoX3VzZXJfaWQiOiIxIiwiX2F1dGhfdXNlcl9iYWNrZW5kIjoiZGphbmdvLmNvbnRyaWIuYXV0aC5iYWNrZW5kcy5Nb2RlbEJhY2tlbmQiLCJfYXV0aF91c2VyX2hhc2giOiJkZDE3NDZmNmMyOTY2NTQwOWRiMDcxYjg0MGEwYWU5MTk4MGViZDMyIn0=", "expire_date": "2020-10-23T10:13:23.518Z"}}, {"model": "sessions.session", "pk": "2nsxrgbqo9nx2cpw60u4d1e5eklevsql", "fields": {"session_data": "N2IzMmViYzE3ZTUyYmYxOGI1MmRlNTQzM2E0NDU5NDc2MmVkNGMyZjp7Il9hdXRoX3VzZXJfaWQiOiIxIiwiX2F1dGhfdXNlcl9iYWNrZW5kIjoiZGphbmdvLmNvbnRyaWIuYXV0aC5iYWNrZW5kcy5Nb2RlbEJhY2tlbmQiLCJfYXV0aF91c2VyX2hhc2giOiIzMWMyOWQyMWE2ZTQwOGMwNDg3NzQ4ZGNjZWIxNWNkMjlmZGI5NjIxIn0=", "expire_date": "2018-02-18T17:27:25.844Z"}}, {"model": "sessions.session", "pk": "2qf7m5i4cnn0ln4czsp3xuo2isaoq87r", "fields": {"session_data": "N2IzMmViYzE3ZTUyYmYxOGI1MmRlNTQzM2E0NDU5NDc2MmVkNGMyZjp7Il9hdXRoX3VzZXJfaWQiOiIxIiwiX2F1dGhfdXNlcl9iYWNrZW5kIjoiZGphbmdvLmNvbnRyaWIuYXV0aC5iYWNrZW5kcy5Nb2RlbEJhY2tlbmQiLCJfYXV0aF91c2VyX2hhc2giOiIzMWMyOWQyMWE2ZTQwOGMwNDg3NzQ4ZGNjZWIxNWNkMjlmZGI5NjIxIn0=", "expire_date": "2018-02-08T16:45:08.096Z"}}, {"model": "sessions.session", "pk": "60tpad54tedxqyhts7eiwrjlzvj19x0b", "fields": {"session_data": "N2IzMmViYzE3ZTUyYmYxOGI1MmRlNTQzM2E0NDU5NDc2MmVkNGMyZjp7Il9hdXRoX3VzZXJfaWQiOiIxIiwiX2F1dGhfdXNlcl9iYWNrZW5kIjoiZGphbmdvLmNvbnRyaWIuYXV0aC5iYWNrZW5kcy5Nb2RlbEJhY2tlbmQiLCJfYXV0aF91c2VyX2hhc2giOiIzMWMyOWQyMWE2ZTQwOGMwNDg3NzQ4ZGNjZWIxNWNkMjlmZGI5NjIxIn0=", "expire_date": "2018-02-20T14:32:46.134Z"}}, {"model": "sessions.session", "pk": "9vm5q2wvdehumcul1y62lf64f06ym3vo", "fields": {"session_data": "N2IzMmViYzE3ZTUyYmYxOGI1MmRlNTQzM2E0NDU5NDc2MmVkNGMyZjp7Il9hdXRoX3VzZXJfaWQiOiIxIiwiX2F1dGhfdXNlcl9iYWNrZW5kIjoiZGphbmdvLmNvbnRyaWIuYXV0aC5iYWNrZW5kcy5Nb2RlbEJhY2tlbmQiLCJfYXV0aF91c2VyX2hhc2giOiIzMWMyOWQyMWE2ZTQwOGMwNDg3NzQ4ZGNjZWIxNWNkMjlmZGI5NjIxIn0=", "expire_date": "2018-01-07T17:54:43.802Z"}}, {"model": "sessions.session", "pk": "b1qnir8vl580cod6y7i9hbxnpj46ce6i", "fields": {"session_data": "N2IzMmViYzE3ZTUyYmYxOGI1MmRlNTQzM2E0NDU5NDc2MmVkNGMyZjp7Il9hdXRoX3VzZXJfaWQiOiIxIiwiX2F1dGhfdXNlcl9iYWNrZW5kIjoiZGphbmdvLmNvbnRyaWIuYXV0aC5iYWNrZW5kcy5Nb2RlbEJhY2tlbmQiLCJfYXV0aF91c2VyX2hhc2giOiIzMWMyOWQyMWE2ZTQwOGMwNDg3NzQ4ZGNjZWIxNWNkMjlmZGI5NjIxIn0=", "expire_date": "2018-02-21T17:00:03.358Z"}}, {"model": "sessions.session", "pk": "cxe3lsw8d4nz1b71cjqmy786yc8uybgn", "fields": {"session_data": "ODY1MzA1NDkwNWEyYjg4NDlhOThmMjU3NDQ5Nzk1ZmI1ZDcxMzZiMzp7Il9hdXRoX3VzZXJfaWQiOiIyIiwiX2F1dGhfdXNlcl9iYWNrZW5kIjoiZGphbmdvLmNvbnRyaWIuYXV0aC5iYWNrZW5kcy5Nb2RlbEJhY2tlbmQiLCJfYXV0aF91c2VyX2hhc2giOiJlODMzYTI1NjEzOGJhODVhNDMxMDgxMzQxMmQyZWI0ZTVmZTZjNzliIn0=", "expire_date": "2020-10-24T07:33:44.898Z"}}, {"model": "sessions.session", "pk": "ig4glb9bclhog88twq0ynxawgh4fy3mf", "fields": {"session_data": "N2IzMmViYzE3ZTUyYmYxOGI1MmRlNTQzM2E0NDU5NDc2MmVkNGMyZjp7Il9hdXRoX3VzZXJfaWQiOiIxIiwiX2F1dGhfdXNlcl9iYWNrZW5kIjoiZGphbmdvLmNvbnRyaWIuYXV0aC5iYWNrZW5kcy5Nb2RlbEJhY2tlbmQiLCJfYXV0aF91c2VyX2hhc2giOiIzMWMyOWQyMWE2ZTQwOGMwNDg3NzQ4ZGNjZWIxNWNkMjlmZGI5NjIxIn0=", "expire_date": "2018-02-18T17:30:44.870Z"}}, {"model": "sessions.session", "pk": "ksdaeyy8929hgtarw5sp7df4setxrkvx", "fields": {"session_data": "N2IzMmViYzE3ZTUyYmYxOGI1MmRlNTQzM2E0NDU5NDc2MmVkNGMyZjp7Il9hdXRoX3VzZXJfaWQiOiIxIiwiX2F1dGhfdXNlcl9iYWNrZW5kIjoiZGphbmdvLmNvbnRyaWIuYXV0aC5iYWNrZW5kcy5Nb2RlbEJhY2tlbmQiLCJfYXV0aF91c2VyX2hhc2giOiIzMWMyOWQyMWE2ZTQwOGMwNDg3NzQ4ZGNjZWIxNWNkMjlmZGI5NjIxIn0=", "expire_date": "2018-03-09T17:34:33.897Z"}}, {"model": "sessions.session", "pk": "sputf6isbnmcfy3u81588dam4xyfag5j", "fields": {"session_data": "N2IzMmViYzE3ZTUyYmYxOGI1MmRlNTQzM2E0NDU5NDc2MmVkNGMyZjp7Il9hdXRoX3VzZXJfaWQiOiIxIiwiX2F1dGhfdXNlcl9iYWNrZW5kIjoiZGphbmdvLmNvbnRyaWIuYXV0aC5iYWNrZW5kcy5Nb2RlbEJhY2tlbmQiLCJfYXV0aF91c2VyX2hhc2giOiIzMWMyOWQyMWE2ZTQwOGMwNDg3NzQ4ZGNjZWIxNWNkMjlmZGI5NjIxIn0=", "expire_date": "2018-01-11T16:45:20.525Z"}}, {"model": "sessions.session", "pk": "v5h02l7n8y230wc23k2zqfia54x189gr", "fields": {"session_data": "N2IzMmViYzE3ZTUyYmYxOGI1MmRlNTQzM2E0NDU5NDc2MmVkNGMyZjp7Il9hdXRoX3VzZXJfaWQiOiIxIiwiX2F1dGhfdXNlcl9iYWNrZW5kIjoiZGphbmdvLmNvbnRyaWIuYXV0aC5iYWNrZW5kcy5Nb2RlbEJhY2tlbmQiLCJfYXV0aF91c2VyX2hhc2giOiIzMWMyOWQyMWE2ZTQwOGMwNDg3NzQ4ZGNjZWIxNWNkMjlmZGI5NjIxIn0=", "expire_date": "2018-02-21T17:26:54.345Z"}}, {"model": "sessions.session", "pk": "wdijnauhabqd55anpp2i1eb8qom4s88d", "fields": {"session_data": "OWQzOTUyZTg4MWM2NGRkOWNmOGU4Y2UyY2Q3MDFiZWEyNzhjMDhiNDp7InNlbmRfY29kZV90aW1lIjoxNjAyMjQ0OTUwLCJfYXV0aF91c2VyX2lkIjoiNCIsIl9hdXRoX3VzZXJfYmFja2VuZCI6ImRqYW5nby5jb250cmliLmF1dGguYmFja2VuZHMuTW9kZWxCYWNrZW5kIiwiX2F1dGhfdXNlcl9oYXNoIjoiYTI4NTM4ZWVkN2VjM2VlMjUwOGQ2MDk1M2YyZjViODhkOTlhZjFjMyJ9", "expire_date": "2020-10-23T12:05:03.678Z"}}, {"model": "sessions.session", "pk": "x506frrzhr8heagf77r3vdhasq2qyc8l", "fields": {"session_data": "ODY1MzA1NDkwNWEyYjg4NDlhOThmMjU3NDQ5Nzk1ZmI1ZDcxMzZiMzp7Il9hdXRoX3VzZXJfaWQiOiIyIiwiX2F1dGhfdXNlcl9iYWNrZW5kIjoiZGphbmdvLmNvbnRyaWIuYXV0aC5iYWNrZW5kcy5Nb2RlbEJhY2tlbmQiLCJfYXV0aF91c2VyX2hhc2giOiJlODMzYTI1NjEzOGJhODVhNDMxMDgxMzQxMmQyZWI0ZTVmZTZjNzliIn0=", "expire_date": "2020-10-05T11:26:39.927Z"}}, {"model": "blog.blogtype", "pk": 1, "fields": {"type_name": "Django"}}, {"model": "blog.blogtype", "pk": 2, "fields": {"type_name": "\u968f\u7b14"}}, {"model": "blog.blogtype", "pk": 3, "fields": {"type_name": "\u611f\u609f"}}, {"model": "read_statistics.readnum", "pk": 1, "fields": {"read_num": 25, "content_type": 8, "object_id": 36}}, {"model": "read_statistics.readnum", "pk": 2, "fields": {"read_num": 4, "content_type": 8, "object_id": 34}}, {"model": "read_statistics.readnum", "pk": 3, "fields": {"read_num": 2, "content_type": 8, "object_id": 20}}, {"model": "read_statistics.readnum", "pk": 4, "fields": {"read_num": 4, "content_type": 8, "object_id": 35}}, {"model": "read_statistics.readnum", "pk": 5, "fields": {"read_num": 5, "content_type": 8, "object_id": 33}}, {"model": "read_statistics.readnum", "pk": 6, "fields": {"read_num": 3, "content_type": 8, "object_id": 32}}, {"model": "read_statistics.readnum", "pk": 7, "fields": {"read_num": 1, "content_type": 8, "object_id": 31}}, {"model": "read_statistics.readnum", "pk": 8, "fields": {"read_num": 2, "content_type": 8, "object_id": 30}}, {"model": "read_statistics.readnum", "pk": 9, "fields": {"read_num": 1, "content_type": 8, "object_id": 29}}, {"model": "read_statistics.readnum", "pk": 10, "fields": {"read_num": 1, "content_type": 8, "object_id": 28}}, {"model": "read_statistics.readnum", "pk": 11, "fields": {"read_num": 1, "content_type": 8, "object_id": 27}}, {"model": "read_statistics.readnum", "pk": 12, "fields": {"read_num": 1, "content_type": 8, "object_id": 26}}, {"model": "read_statistics.readnum", "pk": 13, "fields": {"read_num": 1, "content_type": 8, "object_id": 25}}, {"model": "read_statistics.readnum", "pk": 14, "fields": {"read_num": 1, "content_type": 8, "object_id": 24}}, {"model": "read_statistics.readnum", "pk": 15, "fields": {"read_num": 1, "content_type": 8, "object_id": 23}}, {"model": "read_statistics.readnum", "pk": 16, "fields": {"read_num": 1, "content_type": 8, "object_id": 22}}, {"model": "read_statistics.readnum", "pk": 17, "fields": {"read_num": 1, "content_type": 8, "object_id": 21}}, {"model": "read_statistics.readnum", "pk": 18, "fields": {"read_num": 1, "content_type": 8, "object_id": 19}}, {"model": "read_statistics.readnum", "pk": 19, "fields": {"read_num": 1, "content_type": 8, "object_id": 18}}, {"model": "read_statistics.readnum", "pk": 20, "fields": {"read_num": 1, "content_type": 8, "object_id": 17}}, {"model": "read_statistics.readdetail", "pk": 1, "fields": {"date": "2018-02-27", "read_num": 4, "content_type": 8, "object_id": 36}}, {"model": "read_statistics.readdetail", "pk": 2, "fields": {"date": "2018-02-28", "read_num": 1, "content_type": 8, "object_id": 35}}, {"model": "read_statistics.readdetail", "pk": 3, "fields": {"date": "2018-02-28", "read_num": 1, "content_type": 8, "object_id": 36}}, {"model": "read_statistics.readdetail", "pk": 4, "fields": {"date": "2020-09-17", "read_num": 1, "content_type": 8, "object_id": 33}}, {"model": "read_statistics.readdetail", "pk": 5, "fields": {"date": "2020-09-17", "read_num": 1, "content_type": 8, "object_id": 32}}, {"model": "read_statistics.readdetail", "pk": 6, "fields": {"date": "2020-09-17", "read_num": 1, "content_type": 8, "object_id": 31}}, {"model": "read_statistics.readdetail", "pk": 7, "fields": {"date": "2020-09-17", "read_num": 2, "content_type": 8, "object_id": 30}}, {"model": "read_statistics.readdetail", "pk": 8, "fields": {"date": "2020-09-17", "read_num": 1, "content_type": 8, "object_id": 29}}, {"model": "read_statistics.readdetail", "pk": 9, "fields": {"date": "2020-09-17", "read_num": 1, "content_type": 8, "object_id": 28}}, {"model": "read_statistics.readdetail", "pk": 10, "fields": {"date": "2020-09-17", "read_num": 1, "content_type": 8, "object_id": 27}}, {"model": "read_statistics.readdetail", "pk": 11, "fields": {"date": "2020-09-17", "read_num": 1, "content_type": 8, "object_id": 26}}, {"model": "read_statistics.readdetail", "pk": 12, "fields": {"date": "2020-09-17", "read_num": 1, "content_type": 8, "object_id": 25}}, {"model": "read_statistics.readdetail", "pk": 13, "fields": {"date": "2020-09-17", "read_num": 1, "content_type": 8, "object_id": 24}}, {"model": "read_statistics.readdetail", "pk": 14, "fields": {"date": "2020-09-17", "read_num": 1, "content_type": 8, "object_id": 23}}, {"model": "read_statistics.readdetail", "pk": 15, "fields": {"date": "2020-09-17", "read_num": 1, "content_type": 8, "object_id": 22}}, {"model": "read_statistics.readdetail", "pk": 16, "fields": {"date": "2020-09-17", "read_num": 1, "content_type": 8, "object_id": 21}}, {"model": "read_statistics.readdetail", "pk": 17, "fields": {"date": "2020-09-17", "read_num": 1, "content_type": 8, "object_id": 20}}, {"model": "read_statistics.readdetail", "pk": 18, "fields": {"date": "2020-09-17", "read_num": 1, "content_type": 8, "object_id": 19}}, {"model": "read_statistics.readdetail", "pk": 19, "fields": {"date": "2020-09-17", "read_num": 1, "content_type": 8, "object_id": 18}}, {"model": "read_statistics.readdetail", "pk": 20, "fields": {"date": "2020-09-17", "read_num": 1, "content_type": 8, "object_id": 17}}, {"model": "read_statistics.readdetail", "pk": 21, "fields": {"date": "2020-09-16", "read_num": 40, "content_type": 8, "object_id": 30}}, {"model": "read_statistics.readdetail", "pk": 22, "fields": {"date": "2020-09-17", "read_num": 2, "content_type": 8, "object_id": 36}}, {"model": "read_statistics.readdetail", "pk": 23, "fields": {"date": "2020-09-18", "read_num": 1, "content_type": 8, "object_id": 33}}, {"model": "read_statistics.readdetail", "pk": 24, "fields": {"date": "2020-09-18", "read_num": 2, "content_type": 8, "object_id": 36}}, {"model": "read_statistics.readdetail", "pk": 25, "fields": {"date": "2020-09-21", "read_num": 2, "content_type": 8, "object_id": 36}}, {"model": "read_statistics.readdetail", "pk": 26, "fields": {"date": "2020-09-22", "read_num": 2, "content_type": 8, "object_id": 36}}, {"model": "read_statistics.readdetail", "pk": 27, "fields": {"date": "2020-09-22", "read_num": 1, "content_type": 8, "object_id": 35}}, {"model": "read_statistics.readdetail", "pk": 28, "fields": {"date": "2020-09-22", "read_num": 1, "content_type": 8, "object_id": 34}}, {"model": "read_statistics.readdetail", "pk": 29, "fields": {"date": "2020-09-22", "read_num": 1, "content_type": 8, "object_id": 33}}, {"model": "read_statistics.readdetail", "pk": 30, "fields": {"date": "2020-09-22", "read_num": 1, "content_type": 8, "object_id": 32}}, {"model": "read_statistics.readdetail", "pk": 31, "fields": {"date": "2020-09-23", "read_num": 1, "content_type": 8, "object_id": 36}}, {"model": "read_statistics.readdetail", "pk": 32, "fields": {"date": "2020-09-23", "read_num": 1, "content_type": 8, "object_id": 35}}, {"model": "read_statistics.readdetail", "pk": 33, "fields": {"date": "2020-09-23", "read_num": 1, "content_type": 8, "object_id": 34}}, {"model": "read_statistics.readdetail", "pk": 34, "fields": {"date": "2020-09-23", "read_num": 1, "content_type": 8, "object_id": 33}}, {"model": "read_statistics.readdetail", "pk": 35, "fields": {"date": "2020-09-28", "read_num": 1, "content_type": 8, "object_id": 36}}, {"model": "read_statistics.readdetail", "pk": 36, "fields": {"date": "2020-10-09", "read_num": 2, "content_type": 8, "object_id": 36}}, {"model": "likes.likecount", "pk": 1, "fields": {"content_type": 8, "object_id": 36, "like_num": 1}}, {"model": "likes.likecount", "pk": 2, "fields": {"content_type": 8, "object_id": 35, "like_num": 1}}, {"model": "likes.likecount", "pk": 3, "fields": {"content_type": 8, "object_id": 34, "like_num": 0}}, {"model": "likes.likecount", "pk": 4, "fields": {"content_type": 8, "object_id": 33, "like_num": 0}}, {"model": "likes.likecount", "pk": 5, "fields": {"content_type": 8, "object_id": 32, "like_num": 0}}, {"model": "likes.likecount", "pk": 6, "fields": {"content_type": 8, "object_id": 31, "like_num": 0}}, {"model": "likes.likecount", "pk": 7, "fields": {"content_type": 8, "object_id": 30, "like_num": 0}}, {"model": "likes.likecount", "pk": 8, "fields": {"content_type": 12, "object_id": 62, "like_num": 0}}, {"model": "likes.likecount", "pk": 9, "fields": {"content_type": 12, "object_id": 63, "like_num": 0}}, {"model": "likes.likecount", "pk": 10, "fields": {"content_type": 12, "object_id": 64, "like_num": 0}}, {"model": "likes.likecount", "pk": 11, "fields": {"content_type": 12, "object_id": 25, "like_num": 0}}, {"model": "likes.likecount", "pk": 12, "fields": {"content_type": 12, "object_id": 26, "like_num": 0}}, {"model": "likes.likecount", "pk": 13, "fields": {"content_type": 12, "object_id": 27, "like_num": 0}}, {"model": "likes.likecount", "pk": 14, "fields": {"content_type": 12, "object_id": 28, "like_num": 0}}, {"model": "likes.likecount", "pk": 15, "fields": {"content_type": 12, "object_id": 21, "like_num": 0}}, {"model": "likes.likecount", "pk": 16, "fields": {"content_type": 12, "object_id": 22, "like_num": 0}}, {"model": "likes.likecount", "pk": 17, "fields": {"content_type": 12, "object_id": 23, "like_num": 0}}, {"model": "likes.likecount", "pk": 18, "fields": {"content_type": 12, "object_id": 24, "like_num": 0}}, {"model": "likes.likecount", "pk": 19, "fields": {"content_type": 12, "object_id": 61, "like_num": 0}}, {"model": "likes.likecount", "pk": 20, "fields": {"content_type": 12, "object_id": 20, "like_num": 0}}, {"model": "likes.likecount", "pk": 21, "fields": {"content_type": 12, "object_id": 19, "like_num": 0}}, {"model": "likes.likecount", "pk": 22, "fields": {"content_type": 12, "object_id": 18, "like_num": 0}}, {"model": "likes.likecount", "pk": 23, "fields": {"content_type": 12, "object_id": 17, "like_num": 0}}, {"model": "likes.likecount", "pk": 24, "fields": {"content_type": 12, "object_id": 16, "like_num": 0}}, {"model": "likes.likecount", "pk": 25, "fields": {"content_type": 12, "object_id": 15, "like_num": 0}}, {"model": "likes.likecount", "pk": 26, "fields": {"content_type": 12, "object_id": 14, "like_num": 0}}, {"model": "likes.likecount", "pk": 27, "fields": {"content_type": 12, "object_id": 13, "like_num": 0}}, {"model": "likes.likecount", "pk": 28, "fields": {"content_type": 12, "object_id": 12, "like_num": 0}}, {"model": "likes.likecount", "pk": 29, "fields": {"content_type": 12, "object_id": 11, "like_num": 0}}, {"model": "likes.likecount", "pk": 30, "fields": {"content_type": 12, "object_id": 10, "like_num": 0}}, {"model": "likes.likecount", "pk": 31, "fields": {"content_type": 12, "object_id": 9, "like_num": 0}}, {"model": "likes.likecount", "pk": 32, "fields": {"content_type": 12, "object_id": 8, "like_num": 0}}, {"model": "likes.likecount", "pk": 33, "fields": {"content_type": 12, "object_id": 7, "like_num": 0}}, {"model": "likes.likecount", "pk": 34, "fields": {"content_type": 12, "object_id": 6, "like_num": 0}}, {"model": "likes.likecount", "pk": 35, "fields": {"content_type": 12, "object_id": 5, "like_num": 0}}, {"model": "likes.likecount", "pk": 36, "fields": {"content_type": 12, "object_id": 4, "like_num": 0}}, {"model": "likes.likecount", "pk": 37, "fields": {"content_type": 12, "object_id": 3, "like_num": 0}}, {"model": "likes.likecount", "pk": 38, "fields": {"content_type": 12, "object_id": 65, "like_num": 0}}, {"model": "likes.likecount", "pk": 39, "fields": {"content_type": 12, "object_id": 66, "like_num": 0}}, {"model": "likes.likecount", "pk": 40, "fields": {"content_type": 12, "object_id": 29, "like_num": 0}}, {"model": "likes.likecount", "pk": 41, "fields": {"content_type": 12, "object_id": 68, "like_num": 0}}, {"model": "likes.likecount", "pk": 42, "fields": {"content_type": 12, "object_id": 69, "like_num": 0}}, {"model": "likes.likecount", "pk": 43, "fields": {"content_type": 12, "object_id": 70, "like_num": 0}}, {"model": "likes.likecount", "pk": 44, "fields": {"content_type": 12, "object_id": 71, "like_num": 0}}, {"model": "likes.likecount", "pk": 45, "fields": {"content_type": 12, "object_id": 40, "like_num": 0}}, {"model": "likes.likecount", "pk": 46, "fields": {"content_type": 12, "object_id": 39, "like_num": 0}}, {"model": "likes.likecount", "pk": 47, "fields": {"content_type": 12, "object_id": 38, "like_num": 0}}, {"model": "likes.likecount", "pk": 48, "fields": {"content_type": 12, "object_id": 37, "like_num": 0}}, {"model": "likes.likecount", "pk": 49, "fields": {"content_type": 12, "object_id": 36, "like_num": 0}}, {"model": "likes.likecount", "pk": 50, "fields": {"content_type": 12, "object_id": 34, "like_num": 0}}, {"model": "likes.likecount", "pk": 51, "fields": {"content_type": 12, "object_id": 35, "like_num": 0}}, {"model": "likes.likecount", "pk": 52, "fields": {"content_type": 12, "object_id": 33, "like_num": 0}}, {"model": "likes.likecount", "pk": 53, "fields": {"content_type": 12, "object_id": 67, "like_num": 0}}, {"model": "likes.likecount", "pk": 54, "fields": {"content_type": 12, "object_id": 72, "like_num": 0}}, {"model": "likes.likecount", "pk": 55, "fields": {"content_type": 12, "object_id": 73, "like_num": 0}}, {"model": "auth.permission", "pk": 1, "fields": {"name": "Can add log entry", "content_type": 1, "codename": "add_logentry"}}, {"model": "auth.permission", "pk": 2, "fields": {"name": "Can change log entry", "content_type": 1, "codename": "change_logentry"}}, {"model": "auth.permission", "pk": 3, "fields": {"name": "Can delete log entry", "content_type": 1, "codename": "delete_logentry"}}, {"model": "auth.permission", "pk": 4, "fields": {"name": "Can add permission", "content_type": 2, "codename": "add_permission"}}, {"model": "auth.permission", "pk": 5, "fields": {"name": "Can change permission", "content_type": 2, "codename": "change_permission"}}, {"model": "auth.permission", "pk": 6, "fields": {"name": "Can delete permission", "content_type": 2, "codename": "delete_permission"}}, {"model": "auth.permission", "pk": 7, "fields": {"name": "Can add group", "content_type": 3, "codename": "add_group"}}, {"model": "auth.permission", "pk": 8, "fields": {"name": "Can change group", "content_type": 3, "codename": "change_group"}}, {"model": "auth.permission", "pk": 9, "fields": {"name": "Can delete group", "content_type": 3, "codename": "delete_group"}}, {"model": "auth.permission", "pk": 10, "fields": {"name": "Can add user", "content_type": 4, "codename": "add_user"}}, {"model": "auth.permission", "pk": 11, "fields": {"name": "Can change user", "content_type": 4, "codename": "change_user"}}, {"model": "auth.permission", "pk": 12, "fields": {"name": "Can delete user", "content_type": 4, "codename": "delete_user"}}, {"model": "auth.permission", "pk": 13, "fields": {"name": "Can add content type", "content_type": 5, "codename": "add_contenttype"}}, {"model": "auth.permission", "pk": 14, "fields": {"name": "Can change content type", "content_type": 5, "codename": "change_contenttype"}}, {"model": "auth.permission", "pk": 15, "fields": {"name": "Can delete content type", "content_type": 5, "codename": "delete_contenttype"}}, {"model": "auth.permission", "pk": 16, "fields": {"name": "Can add session", "content_type": 6, "codename": "add_session"}}, {"model": "auth.permission", "pk": 17, "fields": {"name": "Can change session", "content_type": 6, "codename": "change_session"}}, {"model": "auth.permission", "pk": 18, "fields": {"name": "Can delete session", "content_type": 6, "codename": "delete_session"}}, {"model": "auth.permission", "pk": 19, "fields": {"name": "Can add blog type", "content_type": 7, "codename": "add_blogtype"}}, {"model": "auth.permission", "pk": 20, "fields": {"name": "Can change blog type", "content_type": 7, "codename": "change_blogtype"}}, {"model": "auth.permission", "pk": 21, "fields": {"name": "Can delete blog type", "content_type": 7, "codename": "delete_blogtype"}}, {"model": "auth.permission", "pk": 22, "fields": {"name": "Can add blog", "content_type": 8, "codename": "add_blog"}}, {"model": "auth.permission", "pk": 23, "fields": {"name": "Can change blog", "content_type": 8, "codename": "change_blog"}}, {"model": "auth.permission", "pk": 24, "fields": {"name": "Can delete blog", "content_type": 8, "codename": "delete_blog"}}, {"model": "auth.permission", "pk": 25, "fields": {"name": "Can add read num", "content_type": 9, "codename": "add_readnum"}}, {"model": "auth.permission", "pk": 26, "fields": {"name": "Can change read num", "content_type": 9, "codename": "change_readnum"}}, {"model": "auth.permission", "pk": 27, "fields": {"name": "Can delete read num", "content_type": 9, "codename": "delete_readnum"}}, {"model": "auth.permission", "pk": 28, "fields": {"name": "Can add read num", "content_type": 10, "codename": "add_readnum"}}, {"model": "auth.permission", "pk": 29, "fields": {"name": "Can change read num", "content_type": 10, "codename": "change_readnum"}}, {"model": "auth.permission", "pk": 30, "fields": {"name": "Can delete read num", "content_type": 10, "codename": "delete_readnum"}}, {"model": "auth.permission", "pk": 31, "fields": {"name": "Can add read detail", "content_type": 11, "codename": "add_readdetail"}}, {"model": "auth.permission", "pk": 32, "fields": {"name": "Can change read detail", "content_type": 11, "codename": "change_readdetail"}}, {"model": "auth.permission", "pk": 33, "fields": {"name": "Can delete read detail", "content_type": 11, "codename": "delete_readdetail"}}, {"model": "auth.permission", "pk": 34, "fields": {"name": "Can view log entry", "content_type": 1, "codename": "view_logentry"}}, {"model": "auth.permission", "pk": 35, "fields": {"name": "Can view permission", "content_type": 2, "codename": "view_permission"}}, {"model": "auth.permission", "pk": 36, "fields": {"name": "Can view group", "content_type": 3, "codename": "view_group"}}, {"model": "auth.permission", "pk": 37, "fields": {"name": "Can view user", "content_type": 4, "codename": "view_user"}}, {"model": "auth.permission", "pk": 38, "fields": {"name": "Can view content type", "content_type": 5, "codename": "view_contenttype"}}, {"model": "auth.permission", "pk": 39, "fields": {"name": "Can view session", "content_type": 6, "codename": "view_session"}}, {"model": "auth.permission", "pk": 40, "fields": {"name": "Can view blog", "content_type": 8, "codename": "view_blog"}}, {"model": "auth.permission", "pk": 41, "fields": {"name": "Can view blog type", "content_type": 7, "codename": "view_blogtype"}}, {"model": "auth.permission", "pk": 42, "fields": {"name": "Can view read num", "content_type": 10, "codename": "view_readnum"}}, {"model": "auth.permission", "pk": 43, "fields": {"name": "Can view read detail", "content_type": 11, "codename": "view_readdetail"}}, {"model": "auth.permission", "pk": 44, "fields": {"name": "Can add comment", "content_type": 12, "codename": "add_comment"}}, {"model": "auth.permission", "pk": 45, "fields": {"name": "Can change comment", "content_type": 12, "codename": "change_comment"}}, {"model": "auth.permission", "pk": 46, "fields": {"name": "Can delete comment", "content_type": 12, "codename": "delete_comment"}}, {"model": "auth.permission", "pk": 47, "fields": {"name": "Can view comment", "content_type": 12, "codename": "view_comment"}}, {"model": "auth.permission", "pk": 48, "fields": {"name": "Can add like count", "content_type": 13, "codename": "add_likecount"}}, {"model": "auth.permission", "pk": 49, "fields": {"name": "Can change like count", "content_type": 13, "codename": "change_likecount"}}, {"model": "auth.permission", "pk": 50, "fields": {"name": "Can delete like count", "content_type": 13, "codename": "delete_likecount"}}, {"model": "auth.permission", "pk": 51, "fields": {"name": "Can view like count", "content_type": 13, "codename": "view_likecount"}}, {"model": "auth.permission", "pk": 52, "fields": {"name": "Can add like record", "content_type": 14, "codename": "add_likerecord"}}, {"model": "auth.permission", "pk": 53, "fields": {"name": "Can change like record", "content_type": 14, "codename": "change_likerecord"}}, {"model": "auth.permission", "pk": 54, "fields": {"name": "Can delete like record", "content_type": 14, "codename": "delete_likerecord"}}, {"model": "auth.permission", "pk": 55, "fields": {"name": "Can view like record", "content_type": 14, "codename": "view_likerecord"}}, {"model": "auth.permission", "pk": 56, "fields": {"name": "Can add profile", "content_type": 15, "codename": "add_profile"}}, {"model": "auth.permission", "pk": 57, "fields": {"name": "Can change profile", "content_type": 15, "codename": "change_profile"}}, {"model": "auth.permission", "pk": 58, "fields": {"name": "Can delete profile", "content_type": 15, "codename": "delete_profile"}}, {"model": "auth.permission", "pk": 59, "fields": {"name": "Can view profile", "content_type": 15, "codename": "view_profile"}}, {"model": "auth.user", "pk": 1, "fields": {"password": "pbkdf2_sha256$120000$Yp2PDNpQ36l6$KUjiyX+0u3mAE8b3d+ky6PYhgFXprNvXGUkY91Xe9/I=", "last_login": "2020-10-09T10:13:23.514Z", "is_superuser": true, "username": "ysh", "first_name": "", "last_name": "", "email": "", "is_staff": true, "is_active": true, "date_joined": "2017-12-24T17:49:50.554Z", "groups": [], "user_permissions": []}}, {"model": "auth.user", "pk": 2, "fields": {"password": "pbkdf2_sha256$120000$v8p5qinDO8S8$MMksDPEH815DovU+DFXUlNDeV17XEaUMEqUol0vo1JE=", "last_login": "2020-10-10T07:33:44.892Z", "is_superuser": true, "username": "xilingf", "first_name": "", "last_name": "", "email": "", "is_staff": true, "is_active": true, "date_joined": "2020-09-17T05:19:00Z", "groups": [], "user_permissions": []}}, {"model": "auth.user", "pk": 3, "fields": {"password": "pbkdf2_sha256$120000$I9THIfODPASb$oy1Pj2s16lVYtb/lyJdzR7QzTWgyfwQQYFe/SBiN7pg=", "last_login": "2020-09-21T11:26:00Z", "is_superuser": false, "username": "bcc", "first_name": "", "last_name": "", "email": "", "is_staff": false, "is_active": true, "date_joined": "2020-09-21T11:26:00Z", "groups": [], "user_permissions": []}}, {"model": "auth.user", "pk": 4, "fields": {"password": "pbkdf2_sha256$120000$EcMHnPhRyOql$+PeIyW9FKDS0hvEdNwowg7QkAwrQEpro1HlgKyjmzrc=", "last_login": "2020-10-09T12:05:03.670Z", "is_superuser": false, "username": "babe", "first_name": "", "last_name": "", "email": "tangzhen123@outlook.com", "is_staff": false, "is_active": true, "date_joined": "2020-10-09T10:14:58.057Z", "groups": [], "user_permissions": []}}, {"model": "blog.blog", "pk": 3, "fields": {"title": "\u957f\u5185\u5bb9\u7684\u535a\u5ba2", "blog_type": 2, "content": "<h2>1\u3001\u6d4b\u8bd5</h2>\r\n\r\n<p>\u963f\u65af\u987f\u623f\u4ef7\u963f\u65af\u987f\u623f\u4ef7\u963f\u65af\u987f\u623f\u4ef7\u963f<strong>\u65af\u987f\u623f\u4ef7\u963f\u65af</strong><br />\r\n\u987f\u623f\u4ef7\u963f\u65af\u987f\u623f\u4ef7\u963f\u65af\u987f\u623f</p>\r\n\r\n<p><img alt=\"\" src=\"/media/upload/2018/02/05/lwpbrq.png\" style=\"height:240px\" /></p>\r\n\r\n<p><span style=\"color:#1abc9c\">sdfsdfsdf</span></p>\r\n\r\n<p><span style=\"color:#1abc9c\">sdfsdf<span style=\"background-color:#f39c12\">sdfsdf</span></span></p>", "author": 1, "created_time": "2017-12-28T16:52:41.398Z", "last_updated_time": "2018-02-04T18:06:59.335Z"}}, {"model": "blog.blog", "pk": 4, "fields": {"title": "\u968f\u7b142", "blog_type": 2, "content": "\u58eb\u5927\u592b", "author": 1, "created_time": "2017-12-28T17:14:14.805Z", "last_updated_time": "2017-12-28T17:14:14.806Z"}}, {"model": "blog.blog", "pk": 5, "fields": {"title": "Django1", "blog_type": 1, "content": "test", "author": 1, "created_time": "2017-12-28T17:14:29.850Z", "last_updated_time": "2017-12-28T17:14:29.850Z"}}, {"model": "blog.blog", "pk": 6, "fields": {"title": "shell\u4e0b\u7b2c1\u7bc7", "blog_type": 1, "content": "xxxxxxx", "author": 1, "created_time": "2018-01-19T17:53:22.745Z", "last_updated_time": "2018-01-19T17:53:22.745Z"}}, {"model": "blog.blog", "pk": 7, "fields": {"title": "for 1", "blog_type": 1, "content": "xxxx:1", "author": 1, "created_time": "2018-01-19T18:00:40.831Z", "last_updated_time": "2018-01-19T18:00:40.831Z"}}, {"model": "blog.blog", "pk": 8, "fields": {"title": "for 2", "blog_type": 1, "content": "xxxx:2", "author": 1, "created_time": "2018-01-19T18:00:40.846Z", "last_updated_time": "2018-01-19T18:00:40.847Z"}}, {"model": "blog.blog", "pk": 9, "fields": {"title": "for 3", "blog_type": 1, "content": "xxxx:3", "author": 1, "created_time": "2018-01-19T18:00:40.856Z", "last_updated_time": "2018-01-19T18:00:40.856Z"}}, {"model": "blog.blog", "pk": 10, "fields": {"title": "for 4", "blog_type": 1, "content": "xxxx:4", "author": 1, "created_time": "2018-01-19T18:00:40.867Z", "last_updated_time": "2018-01-19T18:00:40.867Z"}}, {"model": "blog.blog", "pk": 11, "fields": {"title": "for 5", "blog_type": 1, "content": "xxxx:5", "author": 1, "created_time": "2018-01-19T18:00:40.874Z", "last_updated_time": "2018-01-19T18:00:40.874Z"}}, {"model": "blog.blog", "pk": 12, "fields": {"title": "for 6", "blog_type": 1, "content": "xxxx:6", "author": 1, "created_time": "2018-01-19T18:00:40.880Z", "last_updated_time": "2018-01-19T18:00:40.880Z"}}, {"model": "blog.blog", "pk": 13, "fields": {"title": "for 7", "blog_type": 1, "content": "xxxx:7", "author": 1, "created_time": "2018-01-19T18:00:40.889Z", "last_updated_time": "2018-01-19T18:00:40.889Z"}}, {"model": "blog.blog", "pk": 14, "fields": {"title": "for 8", "blog_type": 1, "content": "xxxx:8", "author": 1, "created_time": "2018-01-19T18:00:40.897Z", "last_updated_time": "2018-01-19T18:00:40.897Z"}}, {"model": "blog.blog", "pk": 15, "fields": {"title": "for 9", "blog_type": 1, "content": "xxxx:9", "author": 1, "created_time": "2018-01-19T18:00:40.906Z", "last_updated_time": "2018-01-19T18:00:40.906Z"}}, {"model": "blog.blog", "pk": 16, "fields": {"title": "for 10", "blog_type": 1, "content": "xxxx:10", "author": 1, "created_time": "2018-01-19T18:00:40.913Z", "last_updated_time": "2018-01-19T18:00:40.913Z"}}, {"model": "blog.blog", "pk": 17, "fields": {"title": "for 11", "blog_type": 1, "content": "xxxx:11", "author": 1, "created_time": "2018-01-19T18:00:40.922Z", "last_updated_time": "2018-01-19T18:00:40.922Z"}}, {"model": "blog.blog", "pk": 18, "fields": {"title": "for 12", "blog_type": 1, "content": "xxxx:12", "author": 1, "created_time": "2018-01-19T18:00:40.929Z", "last_updated_time": "2018-01-19T18:00:40.929Z"}}, {"model": "blog.blog", "pk": 19, "fields": {"title": "for 13", "blog_type": 1, "content": "xxxx:13", "author": 1, "created_time": "2018-01-19T18:00:40.934Z", "last_updated_time": "2018-01-19T18:00:40.935Z"}}, {"model": "blog.blog", "pk": 20, "fields": {"title": "for 14", "blog_type": 1, "content": "xxxx:14", "author": 1, "created_time": "2018-01-19T18:00:40.940Z", "last_updated_time": "2018-01-19T18:00:40.941Z"}}, {"model": "blog.blog", "pk": 21, "fields": {"title": "for 15", "blog_type": 1, "content": "xxxx:15", "author": 1, "created_time": "2018-01-19T18:00:40.954Z", "last_updated_time": "2018-01-19T18:00:40.954Z"}}, {"model": "blog.blog", "pk": 22, "fields": {"title": "for 16", "blog_type": 1, "content": "xxxx:16", "author": 1, "created_time": "2018-01-19T18:00:40.963Z", "last_updated_time": "2018-01-19T18:00:40.964Z"}}, {"model": "blog.blog", "pk": 23, "fields": {"title": "for 17", "blog_type": 1, "content": "xxxx:17", "author": 1, "created_time": "2018-01-19T18:00:40.972Z", "last_updated_time": "2018-01-19T18:00:40.972Z"}}, {"model": "blog.blog", "pk": 24, "fields": {"title": "for 18", "blog_type": 1, "content": "xxxx:18", "author": 1, "created_time": "2018-01-19T18:00:40.980Z", "last_updated_time": "2018-01-19T18:00:40.981Z"}}, {"model": "blog.blog", "pk": 25, "fields": {"title": "for 19", "blog_type": 1, "content": "xxxx:19", "author": 1, "created_time": "2018-01-19T18:00:40.995Z", "last_updated_time": "2018-01-19T18:00:40.995Z"}}, {"model": "blog.blog", "pk": 26, "fields": {"title": "for 20", "blog_type": 1, "content": "xxxx:20", "author": 1, "created_time": "2018-01-19T18:00:41.007Z", "last_updated_time": "2018-01-19T18:00:41.007Z"}}, {"model": "blog.blog", "pk": 27, "fields": {"title": "for 21", "blog_type": 1, "content": "xxxx:21", "author": 1, "created_time": "2018-01-19T18:00:41.016Z", "last_updated_time": "2018-01-19T18:00:41.016Z"}}, {"model": "blog.blog", "pk": 28, "fields": {"title": "for 22", "blog_type": 1, "content": "xxxx:22", "author": 1, "created_time": "2018-01-19T18:00:41.027Z", "last_updated_time": "2018-01-19T18:00:41.027Z"}}, {"model": "blog.blog", "pk": 29, "fields": {"title": "for 23", "blog_type": 1, "content": "xxxx:23", "author": 1, "created_time": "2018-01-19T18:00:41.034Z", "last_updated_time": "2018-01-19T18:00:41.034Z"}}, {"model": "blog.blog", "pk": 30, "fields": {"title": "for 24", "blog_type": 1, "content": "xxxx:24", "author": 1, "created_time": "2018-01-19T18:00:41.042Z", "last_updated_time": "2018-01-19T18:00:41.042Z"}}, {"model": "blog.blog", "pk": 31, "fields": {"title": "for 25", "blog_type": 1, "content": "xxxx:25", "author": 1, "created_time": "2018-01-19T18:00:41.050Z", "last_updated_time": "2018-01-19T18:00:41.050Z"}}, {"model": "blog.blog", "pk": 32, "fields": {"title": "for 26", "blog_type": 1, "content": "xxxx:26", "author": 1, "created_time": "2018-01-19T18:00:41.056Z", "last_updated_time": "2018-01-19T18:00:41.056Z"}}, {"model": "blog.blog", "pk": 33, "fields": {"title": "for 27", "blog_type": 1, "content": "xxxx:27", "author": 1, "created_time": "2018-01-19T18:00:41.065Z", "last_updated_time": "2018-01-19T18:00:41.065Z"}}, {"model": "blog.blog", "pk": 34, "fields": {"title": "for 28", "blog_type": 1, "content": "xxxx:28", "author": 1, "created_time": "2018-01-19T18:00:41.072Z", "last_updated_time": "2018-01-19T18:00:41.073Z"}}, {"model": "blog.blog", "pk": 35, "fields": {"title": "for 29", "blog_type": 1, "content": "xxxx:29", "author": 1, "created_time": "2018-01-19T18:00:41.080Z", "last_updated_time": "2018-02-07T17:24:16.069Z"}}, {"model": "blog.blog", "pk": 36, "fields": {"title": "for 30", "blog_type": 1, "content": "<p>xxxx:30</p>", "author": 1, "created_time": "2018-01-19T18:00:41.089Z", "last_updated_time": "2018-02-07T17:27:27.223Z"}}, {"model": "comment.comment", "pk": 3, "fields": {"content_type": 8, "object_id": 36, "text": "2123", "comment_time": "2020-09-21T04:00:24.946Z", "user": 2, "root": null, "parent": null, "reply_to": null}}, {"model": "comment.comment", "pk": 4, "fields": {"content_type": 8, "object_id": 36, "text": "456", "comment_time": "2020-09-21T05:12:26.559Z", "user": 2, "root": null, "parent": null, "reply_to": null}}, {"model": "comment.comment", "pk": 5, "fields": {"content_type": 8, "object_id": 36, "text": "984951", "comment_time": "2020-09-21T12:25:36.634Z", "user": 2, "root": null, "parent": null, "reply_to": null}}, {"model": "comment.comment", "pk": 6, "fields": {"content_type": 8, "object_id": 36, "text": "424", "comment_time": "2020-09-21T12:50:33.813Z", "user": 2, "root": null, "parent": null, "reply_to": null}}, {"model": "comment.comment", "pk": 7, "fields": {"content_type": 8, "object_id": 36, "text": "<p><strong>nsnmm<img alt=\"sad\" height=\"23\" src=\"http://localhost:8000/static/ckeditor/ckeditor/plugins/smiley/images/sad_smile.png\" title=\"sad\" width=\"23\" /></strong></p>", "comment_time": "2020-09-21T13:05:17.080Z", "user": 2, "root": null, "parent": null, "reply_to": null}}, {"model": "comment.comment", "pk": 8, "fields": {"content_type": 8, "object_id": 36, "text": "<p>132453</p>", "comment_time": "2020-09-21T14:43:51.221Z", "user": 2, "root": null, "parent": null, "reply_to": null}}, {"model": "comment.comment", "pk": 9, "fields": {"content_type": 8, "object_id": 36, "text": "<p><img alt=\"wink\" height=\"23\" src=\"http://localhost:8000/static/ckeditor/ckeditor/plugins/smiley/images/wink_smile.png\" title=\"wink\" width=\"23\" /></p>", "comment_time": "2020-09-21T14:44:31.568Z", "user": 2, "root": null, "parent": null, "reply_to": null}}, {"model": "comment.comment", "pk": 10, "fields": {"content_type": 8, "object_id": 36, "text": "<p>asd</p>", "comment_time": "2020-09-21T14:48:32.622Z", "user": 2, "root": null, "parent": null, "reply_to": null}}, {"model": "comment.comment", "pk": 11, "fields": {"content_type": 8, "object_id": 36, "text": "<p>asd</p>", "comment_time": "2020-09-21T14:48:43.504Z", "user": 2, "root": null, "parent": null, "reply_to": null}}, {"model": "comment.comment", "pk": 12, "fields": {"content_type": 8, "object_id": 36, "text": "<p>asd</p>", "comment_time": "2020-09-21T14:48:51.092Z", "user": 2, "root": null, "parent": null, "reply_to": null}}, {"model": "comment.comment", "pk": 13, "fields": {"content_type": 8, "object_id": 36, "text": "<p><img alt=\"angry\" height=\"23\" src=\"http://localhost:8000/static/ckeditor/ckeditor/plugins/smiley/images/angry_smile.png\" title=\"angry\" width=\"23\" /></p>", "comment_time": "2020-09-21T14:49:07.987Z", "user": 2, "root": null, "parent": null, "reply_to": null}}, {"model": "comment.comment", "pk": 14, "fields": {"content_type": 8, "object_id": 36, "text": "<p><img alt=\"enlightened\" height=\"23\" src=\"http://localhost:8000/static/ckeditor/ckeditor/plugins/smiley/images/lightbulb.png\" title=\"enlightened\" width=\"23\" /></p>", "comment_time": "2020-09-22T01:43:49.905Z", "user": 2, "root": null, "parent": null, "reply_to": null}}, {"model": "comment.comment", "pk": 15, "fields": {"content_type": 8, "object_id": 36, "text": "<p><img alt=\"enlightened\" height=\"23\" src=\"http://localhost:8000/static/ckeditor/ckeditor/plugins/smiley/images/lightbulb.png\" title=\"enlightened\" width=\"23\" /></p>", "comment_time": "2020-09-22T02:06:25.353Z", "user": 2, "root": null, "parent": null, "reply_to": null}}, {"model": "comment.comment", "pk": 16, "fields": {"content_type": 8, "object_id": 36, "text": "<p><img alt=\"enlightened\" height=\"23\" src=\"http://localhost:8000/static/ckeditor/ckeditor/plugins/smiley/images/lightbulb.png\" title=\"enlightened\" width=\"23\" /></p>", "comment_time": "2020-09-22T02:06:30.489Z", "user": 2, "root": null, "parent": null, "reply_to": null}}, {"model": "comment.comment", "pk": 17, "fields": {"content_type": 8, "object_id": 36, "text": "<p><img alt=\"wink\" height=\"23\" src=\"http://localhost:8000/static/ckeditor/ckeditor/plugins/smiley/images/wink_smile.png\" title=\"wink\" width=\"23\" /></p>", "comment_time": "2020-09-22T02:06:39.345Z", "user": 2, "root": null, "parent": null, "reply_to": null}}, {"model": "comment.comment", "pk": 18, "fields": {"content_type": 8, "object_id": 36, "text": "<p><img alt=\"wink\" height=\"23\" src=\"http://localhost:8000/static/ckeditor/ckeditor/plugins/smiley/images/wink_smile.png\" title=\"wink\" width=\"23\" /></p>", "comment_time": "2020-09-22T02:09:13.882Z", "user": 2, "root": null, "parent": null, "reply_to": null}}, {"model": "comment.comment", "pk": 19, "fields": {"content_type": 8, "object_id": 36, "text": "<p><img alt=\"cool\" height=\"23\" src=\"http://localhost:8000/static/ckeditor/ckeditor/plugins/smiley/images/shades_smile.png\" title=\"cool\" width=\"23\" /></p>", "comment_time": "2020-09-22T02:09:23.079Z", "user": 2, "root": null, "parent": null, "reply_to": null}}, {"model": "comment.comment", "pk": 20, "fields": {"content_type": 8, "object_id": 36, "text": "<p><img alt=\"cool\" height=\"23\" src=\"http://localhost:8000/static/ckeditor/ckeditor/plugins/smiley/images/shades_smile.png\" title=\"cool\" width=\"23\" /></p>", "comment_time": "2020-09-22T02:10:20.704Z", "user": 2, "root": null, "parent": null, "reply_to": null}}, {"model": "comment.comment", "pk": 21, "fields": {"content_type": 8, "object_id": 36, "text": "<p><img alt=\"wink\" height=\"23\" src=\"http://localhost:8000/static/ckeditor/ckeditor/plugins/smiley/images/wink_smile.png\" title=\"wink\" width=\"23\" /></p>", "comment_time": "2020-09-22T02:10:27.770Z", "user": 2, "root": null, "parent": null, "reply_to": null}}, {"model": "comment.comment", "pk": 22, "fields": {"content_type": 8, "object_id": 36, "text": "tttt", "comment_time": "2020-09-22T02:40:55.470Z", "user": 1, "root": 21, "parent": 21, "reply_to": 2}}, {"model": "comment.comment", "pk": 23, "fields": {"content_type": 8, "object_id": 36, "text": "<p>11</p>", "comment_time": "2020-09-22T09:15:15.047Z", "user": 2, "root": 21, "parent": 21, "reply_to": 2}}, {"model": "comment.comment", "pk": 24, "fields": {"content_type": 8, "object_id": 36, "text": "<p>55</p>", "comment_time": "2020-09-22T09:15:27.279Z", "user": 2, "root": 21, "parent": 23, "reply_to": 2}}, {"model": "comment.comment", "pk": 25, "fields": {"content_type": 8, "object_id": 36, "text": "<p>666</p>", "comment_time": "2020-09-22T09:15:55.474Z", "user": 2, "root": null, "parent": null, "reply_to": null}}, {"model": "comment.comment", "pk": 26, "fields": {"content_type": 8, "object_id": 36, "text": "<p>545445</p>", "comment_time": "2020-09-22T09:35:25.519Z", "user": 2, "root": 25, "parent": 25, "reply_to": 2}}, {"model": "comment.comment", "pk": 27, "fields": {"content_type": 8, "object_id": 36, "text": "<p>123</p>", "comment_time": "2020-09-22T09:37:09.083Z", "user": 2, "root": 25, "parent": 26, "reply_to": 2}}, {"model": "comment.comment", "pk": 28, "fields": {"content_type": 8, "object_id": 36, "text": "<p>444</p>", "comment_time": "2020-09-22T09:38:41.605Z", "user": 2, "root": 25, "parent": 26, "reply_to": 2}}, {"model": "comment.comment", "pk": 29, "fields": {"content_type": 8, "object_id": 35, "text": "<p><img alt=\"broken heart\" height=\"23\" src=\"http://localhost:8000/static/ckeditor/ckeditor/plugins/smiley/images/broken_heart.png\" title=\"broken heart\" width=\"23\" /></p>", "comment_time": "2020-09-22T13:11:46.839Z", "user": 2, "root": null, "parent": null, "reply_to": null}}, {"model": "comment.comment", "pk": 30, "fields": {"content_type": 8, "object_id": 34, "text": "<p>\u7b2c\u4e8c\u6761\u8bc4\u8bba</p>", "comment_time": "2020-09-22T13:23:36.718Z", "user": 2, "root": null, "parent": null, "reply_to": null}}, {"model": "comment.comment", "pk": 31, "fields": {"content_type": 8, "object_id": 34, "text": "<p>\u7b2c\u4e09\u6761</p>", "comment_time": "2020-09-22T13:23:50.222Z", "user": 2, "root": 30, "parent": 30, "reply_to": 2}}, {"model": "comment.comment", "pk": 32, "fields": {"content_type": 8, "object_id": 34, "text": "<p>\u7b2c\u56db\u6761</p>", "comment_time": "2020-09-22T13:24:02.116Z", "user": 2, "root": 30, "parent": 31, "reply_to": 2}}, {"model": "comment.comment", "pk": 33, "fields": {"content_type": 8, "object_id": 33, "text": "<p>asd</p>", "comment_time": "2020-09-22T13:28:43.326Z", "user": 2, "root": null, "parent": null, "reply_to": null}}, {"model": "comment.comment", "pk": 34, "fields": {"content_type": 8, "object_id": 33, "text": "<p>sdf</p>", "comment_time": "2020-09-22T13:28:55.927Z", "user": 2, "root": null, "parent": null, "reply_to": null}}, {"model": "comment.comment", "pk": 35, "fields": {"content_type": 8, "object_id": 33, "text": "<p>ddd<img alt=\"wink\" height=\"23\" src=\"http://localhost:8000/static/ckeditor/ckeditor/plugins/smiley/images/wink_smile.png\" title=\"wink\" width=\"23\" /></p>", "comment_time": "2020-09-22T13:29:57.723Z", "user": 2, "root": 34, "parent": 34, "reply_to": 2}}, {"model": "comment.comment", "pk": 36, "fields": {"content_type": 8, "object_id": 33, "text": "<p><strong>add</strong></p>", "comment_time": "2020-09-22T13:30:13.132Z", "user": 2, "root": null, "parent": null, "reply_to": null}}, {"model": "comment.comment", "pk": 37, "fields": {"content_type": 8, "object_id": 33, "text": "<p>asdasd</p>", "comment_time": "2020-09-22T13:31:48.299Z", "user": 2, "root": null, "parent": null, "reply_to": null}}, {"model": "comment.comment", "pk": 38, "fields": {"content_type": 8, "object_id": 33, "text": "<p>asdasd</p>", "comment_time": "2020-09-22T13:31:59.009Z", "user": 2, "root": null, "parent": null, "reply_to": null}}, {"model": "comment.comment", "pk": 39, "fields": {"content_type": 8, "object_id": 33, "text": "<p><em>asdasdasd</em></p>", "comment_time": "2020-09-22T13:33:31.518Z", "user": 2, "root": null, "parent": null, "reply_to": null}}, {"model": "comment.comment", "pk": 40, "fields": {"content_type": 8, "object_id": 33, "text": "<p><s>412452</s></p>", "comment_time": "2020-09-22T13:35:52.442Z", "user": 2, "root": null, "parent": null, "reply_to": null}}, {"model": "comment.comment", "pk": 41, "fields": {"content_type": 8, "object_id": 32, "text": "<p><img alt=\"mail\" height=\"23\" src=\"http://localhost:8000/static/ckeditor/ckeditor/plugins/smiley/images/envelope.png\" title=\"mail\" width=\"23\" /></p>", "comment_time": "2020-09-22T13:38:40.644Z", "user": 2, "root": null, "parent": null, "reply_to": null}}, {"model": "comment.comment", "pk": 42, "fields": {"content_type": 8, "object_id": 32, "text": "<p>hhh</p>", "comment_time": "2020-09-22T13:44:15.299Z", "user": 2, "root": 41, "parent": 41, "reply_to": 2}}, {"model": "comment.comment", "pk": 43, "fields": {"content_type": 8, "object_id": 32, "text": "<p>444</p>", "comment_time": "2020-09-22T13:44:46.475Z", "user": 2, "root": null, "parent": null, "reply_to": null}}, {"model": "comment.comment", "pk": 44, "fields": {"content_type": 8, "object_id": 32, "text": "<p>654165</p>", "comment_time": "2020-09-22T13:45:21.480Z", "user": 2, "root": null, "parent": null, "reply_to": null}}, {"model": "comment.comment", "pk": 45, "fields": {"content_type": 8, "object_id": 32, "text": "<p>453</p>", "comment_time": "2020-09-22T13:49:30.922Z", "user": 2, "root": null, "parent": null, "reply_to": null}}, {"model": "comment.comment", "pk": 46, "fields": {"content_type": 8, "object_id": 32, "text": "<p>45634</p>", "comment_time": "2020-09-22T13:49:38.291Z", "user": 2, "root": null, "parent": null, "reply_to": null}}, {"model": "comment.comment", "pk": 47, "fields": {"content_type": 8, "object_id": 32, "text": "<p>asdasd</p>", "comment_time": "2020-09-22T13:49:51.601Z", "user": 2, "root": null, "parent": null, "reply_to": null}}, {"model": "comment.comment", "pk": 48, "fields": {"content_type": 8, "object_id": 32, "text": "<p>asdasd</p>", "comment_time": "2020-09-22T13:50:00.504Z", "user": 2, "root": null, "parent": null, "reply_to": null}}, {"model": "comment.comment", "pk": 49, "fields": {"content_type": 8, "object_id": 32, "text": "<p>456463</p>", "comment_time": "2020-09-22T13:50:42.713Z", "user": 2, "root": 48, "parent": 48, "reply_to": 2}}, {"model": "comment.comment", "pk": 50, "fields": {"content_type": 8, "object_id": 32, "text": "<p>4444</p>", "comment_time": "2020-09-22T13:51:46.335Z", "user": 2, "root": null, "parent": null, "reply_to": null}}, {"model": "comment.comment", "pk": 51, "fields": {"content_type": 8, "object_id": 32, "text": "<p>asdasd</p>", "comment_time": "2020-09-22T13:52:35.989Z", "user": 2, "root": null, "parent": null, "reply_to": null}}, {"model": "comment.comment", "pk": 52, "fields": {"content_type": 8, "object_id": 32, "text": "<p>45345</p>", "comment_time": "2020-09-22T14:01:20.361Z", "user": 2, "root": null, "parent": null, "reply_to": null}}, {"model": "comment.comment", "pk": 53, "fields": {"content_type": 8, "object_id": 32, "text": "<p>777</p>", "comment_time": "2020-09-22T14:01:38.011Z", "user": 2, "root": null, "parent": null, "reply_to": null}}, {"model": "comment.comment", "pk": 54, "fields": {"content_type": 8, "object_id": 32, "text": "<p>544</p>", "comment_time": "2020-09-22T14:11:50.902Z", "user": 2, "root": 53, "parent": 53, "reply_to": 2}}, {"model": "comment.comment", "pk": 55, "fields": {"content_type": 8, "object_id": 32, "text": "<p>1111</p>", "comment_time": "2020-09-22T14:13:34.278Z", "user": 2, "root": 53, "parent": 53, "reply_to": 2}}, {"model": "comment.comment", "pk": 56, "fields": {"content_type": 8, "object_id": 32, "text": "<p>111222</p>", "comment_time": "2020-09-22T14:14:49.598Z", "user": 2, "root": 53, "parent": 54, "reply_to": 2}}, {"model": "comment.comment", "pk": 57, "fields": {"content_type": 8, "object_id": 32, "text": "<p>111</p>", "comment_time": "2020-09-22T14:15:11.730Z", "user": 2, "root": 53, "parent": 53, "reply_to": 2}}, {"model": "comment.comment", "pk": 58, "fields": {"content_type": 8, "object_id": 32, "text": "<p><img alt=\"cool\" height=\"23\" src=\"http://localhost:8000/static/ckeditor/ckeditor/plugins/smiley/images/shades_smile.png\" title=\"cool\" width=\"23\" /></p>", "comment_time": "2020-09-22T14:15:17.313Z", "user": 2, "root": null, "parent": null, "reply_to": null}}, {"model": "comment.comment", "pk": 59, "fields": {"content_type": 8, "object_id": 32, "text": "<p><img alt=\"frown\" height=\"23\" src=\"http://localhost:8000/static/ckeditor/ckeditor/plugins/smiley/images/confused_smile.png\" title=\"frown\" width=\"23\" /></p>", "comment_time": "2020-09-22T14:15:27.202Z", "user": 2, "root": null, "parent": null, "reply_to": null}}, {"model": "comment.comment", "pk": 60, "fields": {"content_type": 8, "object_id": 32, "text": "<p><img alt=\"devil\" height=\"23\" src=\"http://localhost:8000/static/ckeditor/ckeditor/plugins/smiley/images/devil_smile.png\" title=\"devil\" width=\"23\" /></p>", "comment_time": "2020-09-22T14:19:11.996Z", "user": 2, "root": 59, "parent": 59, "reply_to": 2}}, {"model": "comment.comment", "pk": 61, "fields": {"content_type": 8, "object_id": 36, "text": "<p><img alt=\"cheeky\" height=\"23\" src=\"http://localhost:8000/static/ckeditor/ckeditor/plugins/smiley/images/tongue_smile.png\" title=\"cheeky\" width=\"23\" /></p>", "comment_time": "2020-09-22T14:28:25.133Z", "user": 2, "root": 21, "parent": 21, "reply_to": 2}}, {"model": "comment.comment", "pk": 62, "fields": {"content_type": 8, "object_id": 36, "text": "<p><img alt=\"surprise\" height=\"23\" src=\"http://localhost:8000/static/ckeditor/ckeditor/plugins/smiley/images/omg_smile.png\" title=\"surprise\" width=\"23\" /></p>", "comment_time": "2020-09-22T14:28:37.149Z", "user": 2, "root": null, "parent": null, "reply_to": null}}, {"model": "comment.comment", "pk": 63, "fields": {"content_type": 8, "object_id": 36, "text": "<p><img alt=\"surprise\" height=\"23\" src=\"http://localhost:8000/static/ckeditor/ckeditor/plugins/smiley/images/omg_smile.png\" title=\"surprise\" width=\"23\" /></p>", "comment_time": "2020-09-22T14:28:54.732Z", "user": 2, "root": 62, "parent": 62, "reply_to": 2}}, {"model": "comment.comment", "pk": 64, "fields": {"content_type": 8, "object_id": 36, "text": "<p><img alt=\"cheeky\" height=\"23\" src=\"http://localhost:8000/static/ckeditor/ckeditor/plugins/smiley/images/tongue_smile.png\" title=\"cheeky\" width=\"23\" /></p>", "comment_time": "2020-09-22T14:29:00.369Z", "user": 2, "root": 62, "parent": 63, "reply_to": 2}}, {"model": "comment.comment", "pk": 65, "fields": {"content_type": 8, "object_id": 36, "text": "<p>dd</p>", "comment_time": "2020-09-23T08:45:31.363Z", "user": 1, "root": null, "parent": null, "reply_to": null}}, {"model": "comment.comment", "pk": 66, "fields": {"content_type": 8, "object_id": 36, "text": "<p>33</p>", "comment_time": "2020-09-23T08:49:10.188Z", "user": 1, "root": 65, "parent": 65, "reply_to": 1}}, {"model": "comment.comment", "pk": 67, "fields": {"content_type": 8, "object_id": 36, "text": "<p>dd</p>", "comment_time": "2020-09-23T08:51:36.774Z", "user": 1, "root": 65, "parent": 66, "reply_to": 1}}, {"model": "comment.comment", "pk": 68, "fields": {"content_type": 8, "object_id": 35, "text": "<p><img alt=\"devil\" height=\"23\" src=\"http://localhost:8000/static/ckeditor/ckeditor/plugins/smiley/images/devil_smile.png\" title=\"devil\" width=\"23\" /></p>", "comment_time": "2020-09-23T08:53:53.435Z", "user": 1, "root": null, "parent": null, "reply_to": null}}, {"model": "comment.comment", "pk": 69, "fields": {"content_type": 8, "object_id": 35, "text": "<p><img alt=\"cheeky\" height=\"23\" src=\"http://localhost:8000/static/ckeditor/ckeditor/plugins/smiley/images/tongue_smile.png\" title=\"cheeky\" width=\"23\" /></p>", "comment_time": "2020-09-23T09:01:49.494Z", "user": 1, "root": null, "parent": null, "reply_to": null}}, {"model": "comment.comment", "pk": 70, "fields": {"content_type": 8, "object_id": 35, "text": "<p><img alt=\"frown\" height=\"23\" src=\"http://localhost:8000/static/ckeditor/ckeditor/plugins/smiley/images/confused_smile.png\" title=\"frown\" width=\"23\" /></p>", "comment_time": "2020-09-23T09:04:37.117Z", "user": 1, "root": null, "parent": null, "reply_to": null}}, {"model": "comment.comment", "pk": 71, "fields": {"content_type": 8, "object_id": 35, "text": "<p><img alt=\"kiss\" height=\"23\" src=\"http://localhost:8000/static/ckeditor/ckeditor/plugins/smiley/images/kiss.png\" title=\"kiss\" width=\"23\" /></p>", "comment_time": "2020-09-23T09:04:43.648Z", "user": 1, "root": 70, "parent": 70, "reply_to": 1}}, {"model": "comment.comment", "pk": 72, "fields": {"content_type": 8, "object_id": 36, "text": "<p>ddd</p>", "comment_time": "2020-10-09T06:22:54.616Z", "user": 2, "root": 25, "parent": 28, "reply_to": 2}}, {"model": "comment.comment", "pk": 73, "fields": {"content_type": 8, "object_id": 36, "text": "<p>\u7ffb\u7ffb</p>", "comment_time": "2020-10-09T06:23:03.935Z", "user": 2, "root": 18, "parent": 18, "reply_to": 2}}, {"model": "likes.likerecord", "pk": 1, "fields": {"content_type": 8, "object_id": 36, "user": 2, "like_time": "2020-09-23T06:07:48.615Z"}}, {"model": "likes.likerecord", "pk": 2, "fields": {"content_type": 8, "object_id": 35, "user": 2, "like_time": "2020-09-23T06:54:50.183Z"}}, {"model": "user.profile", "pk": 1, "fields": {"user": 2, "nickname": "yang"}}, {"model": "admin.logentry", "pk": 1, "fields": {"action_time": "2017-12-24T17:57:25.871Z", "user": 1, "content_type": 7, "object_id": "1", "object_repr": "BlogType object (1)", "action_flag": 1, "change_message": "[{\"added\": {}}]"}}, {"model": "admin.logentry", "pk": 2, "fields": {"action_time": "2017-12-24T17:57:34.218Z", "user": 1, "content_type": 7, "object_id": "2", "object_repr": "BlogType object (2)", "action_flag": 1, "change_message": "[{\"added\": {}}]"}}, {"model": "admin.logentry", "pk": 3, "fields": {"action_time": "2017-12-24T17:57:42.824Z", "user": 1, "content_type": 7, "object_id": "3", "object_repr": "BlogType object (3)", "action_flag": 1, "change_message": "[{\"added\": {}}]"}}, {"model": "admin.logentry", "pk": 4, "fields": {"action_time": "2017-12-24T17:59:38.608Z", "user": 1, "content_type": 8, "object_id": "1", "object_repr": "<Blog: \u7b2c\u4e00\u7bc7\u535a\u5ba2>", "action_flag": 1, "change_message": "[{\"added\": {}}]"}}, {"model": "admin.logentry", "pk": 5, "fields": {"action_time": "2017-12-28T16:45:51.048Z", "user": 1, "content_type": 8, "object_id": "2", "object_repr": "<Blog: \u7b2c\u4e8c\u7bc7\u535a\u5ba2>", "action_flag": 1, "change_message": "[{\"added\": {}}]"}}, {"model": "admin.logentry", "pk": 6, "fields": {"action_time": "2017-12-28T16:50:53.821Z", "user": 1, "content_type": 8, "object_id": "2", "object_repr": "<Blog: \u7b2c\u4e8c\u7bc7\u535a\u5ba2>", "action_flag": 3, "change_message": ""}}, {"model": "admin.logentry", "pk": 7, "fields": {"action_time": "2017-12-28T16:50:53.838Z", "user": 1, "content_type": 8, "object_id": "1", "object_repr": "<Blog: \u7b2c\u4e00\u7bc7\u535a\u5ba2>", "action_flag": 3, "change_message": ""}}, {"model": "admin.logentry", "pk": 8, "fields": {"action_time": "2017-12-28T16:52:41.400Z", "user": 1, "content_type": 8, "object_id": "3", "object_repr": "<Blog: \u957f\u5185\u5bb9\u7684\u535a\u5ba2>", "action_flag": 1, "change_message": "[{\"added\": {}}]"}}, {"model": "admin.logentry", "pk": 9, "fields": {"action_time": "2017-12-28T17:14:14.808Z", "user": 1, "content_type": 8, "object_id": "4", "object_repr": "<Blog: \u968f\u7b142>", "action_flag": 1, "change_message": "[{\"added\": {}}]"}}, {"model": "admin.logentry", "pk": 10, "fields": {"action_time": "2017-12-28T17:14:29.852Z", "user": 1, "content_type": 8, "object_id": "5", "object_repr": "<Blog: Django1>", "action_flag": 1, "change_message": "[{\"added\": {}}]"}}, {"model": "admin.logentry", "pk": 11, "fields": {"action_time": "2018-02-04T17:32:41.794Z", "user": 1, "content_type": 8, "object_id": "3", "object_repr": "<Blog: \u957f\u5185\u5bb9\u7684\u535a\u5ba2>", "action_flag": 2, "change_message": "[{\"changed\": {\"fields\": [\"content\"]}}]"}}, {"model": "admin.logentry", "pk": 12, "fields": {"action_time": "2018-02-04T17:49:46.452Z", "user": 1, "content_type": 8, "object_id": "3", "object_repr": "<Blog: \u957f\u5185\u5bb9\u7684\u535a\u5ba2>", "action_flag": 2, "change_message": "[{\"changed\": {\"fields\": [\"content\"]}}]"}}, {"model": "admin.logentry", "pk": 13, "fields": {"action_time": "2018-02-04T18:06:59.339Z", "user": 1, "content_type": 8, "object_id": "3", "object_repr": "<Blog: \u957f\u5185\u5bb9\u7684\u535a\u5ba2>", "action_flag": 2, "change_message": "[{\"changed\": {\"fields\": [\"content\"]}}]"}}, {"model": "admin.logentry", "pk": 14, "fields": {"action_time": "2018-02-07T17:27:27.225Z", "user": 1, "content_type": 8, "object_id": "36", "object_repr": "<Blog: for 30>", "action_flag": 2, "change_message": "[{\"changed\": {\"fields\": [\"content\"]}}]"}}, {"model": "admin.logentry", "pk": 15, "fields": {"action_time": "2018-02-23T17:34:48.876Z", "user": 1, "content_type": 9, "object_id": "1", "object_repr": "ReadNum object (1)", "action_flag": 1, "change_message": "[{\"added\": {}}]"}}, {"model": "admin.logentry", "pk": 16, "fields": {"action_time": "2018-02-23T18:17:40.854Z", "user": 1, "content_type": 10, "object_id": "1", "object_repr": "ReadNum object (1)", "action_flag": 1, "change_message": "[{\"added\": {}}]"}}, {"model": "admin.logentry", "pk": 17, "fields": {"action_time": "2018-02-28T16:48:58.931Z", "user": 1, "content_type": 11, "object_id": "1", "object_repr": "ReadDetail object (1)", "action_flag": 1, "change_message": "[{\"added\": {}}]"}}, {"model": "admin.logentry", "pk": 18, "fields": {"action_time": "2020-09-17T05:29:17.853Z", "user": 2, "content_type": 11, "object_id": "21", "object_repr": "ReadDetail object (21)", "action_flag": 1, "change_message": "[{\"added\": {}}]"}}, {"model": "admin.logentry", "pk": 19, "fields": {"action_time": "2020-09-21T04:01:27.593Z", "user": 2, "content_type": 12, "object_id": "2", "object_repr": "Comment object (2)", "action_flag": 3, "change_message": ""}}, {"model": "admin.logentry", "pk": 20, "fields": {"action_time": "2020-09-21T04:01:27.602Z", "user": 2, "content_type": 12, "object_id": "1", "object_repr": "Comment object (1)", "action_flag": 3, "change_message": ""}}, {"model": "admin.logentry", "pk": 21, "fields": {"action_time": "2020-09-22T02:40:55.471Z", "user": 2, "content_type": 12, "object_id": "22", "object_repr": "Comment object (22)", "action_flag": 1, "change_message": "[{\"added\": {}}]"}}, {"model": "admin.logentry", "pk": 22, "fields": {"action_time": "2020-09-22T02:41:05.932Z", "user": 2, "content_type": 12, "object_id": "22", "object_repr": "Comment object (22)", "action_flag": 2, "change_message": "[{\"changed\": {\"fields\": [\"parent_id\"]}}]"}}, {"model": "admin.logentry", "pk": 23, "fields": {"action_time": "2020-09-22T06:51:08.040Z", "user": 2, "content_type": 12, "object_id": "22", "object_repr": "tttt", "action_flag": 2, "change_message": "[{\"changed\": {\"fields\": [\"root\", \"parent\", \"reply_to\"]}}]"}}, {"model": "admin.logentry", "pk": 24, "fields": {"action_time": "2020-09-22T06:56:25.482Z", "user": 2, "content_type": 12, "object_id": "22", "object_repr": "tttt", "action_flag": 2, "change_message": "[]"}}, {"model": "admin.logentry", "pk": 25, "fields": {"action_time": "2020-09-22T06:56:38.803Z", "user": 2, "content_type": 12, "object_id": "22", "object_repr": "tttt", "action_flag": 2, "change_message": "[{\"changed\": {\"fields\": [\"reply_to\"]}}]"}}, {"model": "admin.logentry", "pk": 26, "fields": {"action_time": "2020-09-23T07:16:16.959Z", "user": 2, "content_type": 4, "object_id": "1", "object_repr": "ysh", "action_flag": 2, "change_message": "[{\"changed\": {\"fields\": [\"password\"]}}]"}}, {"model": "admin.logentry", "pk": 27, "fields": {"action_time": "2020-10-09T02:00:08.646Z", "user": 2, "content_type": 15, "object_id": "1", "object_repr": "<Profile: \u897f\u51cc\u5bfa\u5317 for xilingf>", "action_flag": 1, "change_message": "[{\"added\": {}}]"}}, {"model": "admin.logentry", "pk": 28, "fields": {"action_time": "2020-10-09T08:57:13.591Z", "user": 2, "content_type": 4, "object_id": "3", "object_repr": "bcc", "action_flag": 2, "change_message": "[{\"changed\": {\"fields\": [\"email\", \"last_login\"]}}]"}}, {"model": "admin.logentry", "pk": 29, "fields": {"action_time": "2020-10-09T09:11:18.556Z", "user": 2, "content_type": 4, "object_id": "2", "object_repr": "xilingf", "action_flag": 2, "change_message": "[{\"changed\": {\"fields\": [\"email\", \"last_login\"]}}]"}}, {"model": "admin.logentry", "pk": 30, "fields": {"action_time": "2020-10-09T10:13:39.853Z", "user": 1, "content_type": 4, "object_id": "2", "object_repr": "xilingf", "action_flag": 2, "change_message": "[{\"changed\": {\"fields\": [\"email\"]}}]"}}, {"model": "admin.logentry", "pk": 31, "fields": {"action_time": "2020-10-09T10:51:17.730Z", "user": 2, "content_type": 4, "object_id": "4", "object_repr": "babe", "action_flag": 2, "change_message": "[{\"changed\": {\"fields\": [\"password\"]}}]"}}]
